{"data":[{"arrangement":"snap","link":{"source":[0,1,2,3,3,4,5,6,6,7,8,9,10,11,12,12,13,14,14,14,14,14,15,15,15,15,15,15,15,15,15,15,15,15,15,15,16,16,16,16,16,16,16,16,16,16,16,16,16,17,17,17,17,17,17,17,17,17,17,17,17,18,18,18,19,19,19,19,19,19,19,20,20,20,20,20,20,20,20,20,20,20,20,20,21,21,21,21,22],"target":[14,15,15,15,16,15,15,17,18,19,19,19,20,20,21,22,21,24,26,34,37,40,24,26,28,29,31,32,33,34,37,40,42,44,45,48,26,27,29,32,34,35,37,38,40,41,42,43,44,24,25,26,29,32,34,36,37,39,40,42,46,34,26,40,26,29,32,34,37,40,42,23,24,26,29,30,31,32,33,34,37,40,42,44,34,40,41,47,42],"value":[10.5985362716966,228.358685980961,18.4502333913128,606.485829860485,537.539173165483,22.4799235198905,0.745253057835184,414.073507374124,40.7393457819859,0.0688674969039378,12.6309140858654,1.58620565056291,272.338528678059,1.02982193823443,0.845971718393123,2.09996668069509,0.0733697631390481,0.333175671026102,6.21988211040898,2.05649038771811,0.614058844031442,1.37492925851199,39.9586667676189,139.887713175802,0.618330852790421,111.274403407665,1.41117052289233,38.1810007312028,1.41117052289233,78.8040031680941,37.7756640841815,108.653306554094,140.5491747114,64.5120260970676,111.001109224817,2.48218598996664,65.7683970295364,26.5684178932343,2.93604201970424,13.1500232925317,86.9874010819665,7.77877625428825,31.7901037025627,0.0631494735099416,101.439796167506,0.570922920552708,170.955741215511,0.880667113867046,28.6497350007124,6.2315434411357,1.02786658950351,134.206521151275,9.78904770101957,18.3693434672055,42.1100558811446,1.80533066467088,33.5202165114445,2.38701003601497,99.2200864226686,62.7066954323967,2.69979007564399,5.23348920599955,2.86163369880442,32.6442228771819,4.64529778133701,2.05398173168787,1.46662395957829,2.55813983291381,0.75652118100083,1.07269951624187,1.75799277984888,0.0482932609945926,4.18001338793324,9.64295542317069,21.2707709974951,0.579573636061399,0.794980688966664,64.5972308179872,2.19103377461293,58.8768967714041,14.9965945264632,26.1617296905764,62.665811050548,7.36246659007969,0.14990599377818,0.235674653410717,0.35966891697741,0.174091917365864,2.09996668069509]},"node":{"label":["SPB 18:0,O2","SPB 16:1;O2","SPB 17:1;O2","SPB 18:1;O2","SPB 19:1;O2","SPB 20:1;O2","SPB 18:2;O2","SPB 17:0;O","SPB 18:0;O","SPB 19:0;O","SPB 18:1;O","SPB 18:2;O","SPB 18:0;O3","SPB 20:0;O3","Dihydro-Cer","Cer","Hex-(n)-Cer","Sphingadienine-Cer","Hex-(n)-Sphingadienine-Cer","Dihydro-Deoxy-Cer","Deoxy-Cer","Phyto-Cer","Hex-(n)-Phyto-Cer","FA 12:0","FA 14:0","FA 15:0","FA 16:0","FA 16:0;O","FA 17:0","FA 18:0","FA 18:1","FA 19:0","FA 20:0","FA 21:0","FA 22:0","FA 22:0;O","FA 22:1","FA 23:0","FA 23:0;O","FA 23:1","FA 24:0","FA 24:0;O","FA 24:1","FA 24:1;O","FA 24:2","FA 25:0","FA 25:1","FA 26:0;O","FA 26:1"],"pad":15},"type":"sankey"}],"layout":{"font":{"size":10},"template":{"data":{"bar":[{"error_x":{"color":"#2a3f5f"},"error_y":{"color":"#2a3f5f"},"marker":{"line":{"color":"#E5ECF6","width":0.5}},"type":"bar"}],"barpolar":[{"marker":{"line":{"color":"#E5ECF6","width":0.5}},"type":"barpolar"}],"carpet":[{"aaxis":{"endlinecolor":"#2a3f5f","gridcolor":"white","linecolor":"white","minorgridcolor":"white","startlinecolor":"#2a3f5f"},"baxis":{"endlinecolor":"#2a3f5f","gridcolor":"white","linecolor":"white","minorgridcolor":"white","startlinecolor":"#2a3f5f"},"type":"carpet"}],"choropleth":[{"colorbar":{"outlinewidth":0,"ticks":""},"type":"choropleth"}],"contour":[{"colorbar":{"outlinewidth":0,"ticks":""},"colorscale":[[0.0,"#0d0887"],[0.1111111111111111,"#46039f"],[0.2222222222222222,"#7201a8"],[0.3333333333333333,"#9c179e"],[0.4444444444444444,"#bd3786"],[0.5555555555555556,"#d8576b"],[0.6666666666666666,"#ed7953"],[0.7777777777777778,"#fb9f3a"],[0.8888888888888888,"#fdca26"],[1.0,"#f0f921"]],"type":"contour"}],"contourcarpet":[{"colorbar":{"outlinewidth":0,"ticks":""},"type":"contourcarpet"}],"heatmap":[{"colorbar":{"outlinewidth":0,"ticks":""},"colorscale":[[0.0,"#0d0887"],[0.1111111111111111,"#46039f"],[0.2222222222222222,"#7201a8"],[0.3333333333333333,"#9c179e"],[0.4444444444444444,"#bd3786"],[0.5555555555555556,"#d8576b"],[0.6666666666666666,"#ed7953"],[0.7777777777777778,"#fb9f3a"],[0.8888888888888888,"#fdca26"],[1.0,"#f0f921"]],"type":"heatmap"}],"heatmapgl":[{"colorbar":{"outlinewidth":0,"ticks":""},"colorscale":[[0.0,"#0d0887"],[0.1111111111111111,"#46039f"],[0.2222222222222222,"#7201a8"],[0.3333333333333333,"#9c179e"],[0.4444444444444444,"#bd3786"],[0.5555555555555556,"#d8576b"],[0.6666666666666666,"#ed7953"],[0.7777777777777778,"#fb9f3a"],[0.8888888888888888,"#fdca26"],[1.0,"#f0f921"]],"type":"heatmapgl"}],"histogram":[{"marker":{"colorbar":{"outlinewidth":0,"ticks":""}},"type":"histogram"}],"histogram2d":[{"colorbar":{"outlinewidth":0,"ticks":""},"colorscale":[[0.0,"#0d0887"],[0.1111111111111111,"#46039f"],[0.2222222222222222,"#7201a8"],[0.3333333333333333,"#9c179e"],[0.4444444444444444,"#bd3786"],[0.5555555555555556,"#d8576b"],[0.6666666666666666,"#ed7953"],[0.7777777777777778,"#fb9f3a"],[0.8888888888888888,"#fdca26"],[1.0,"#f0f921"]],"type":"histogram2d"}],"histogram2dcontour":[{"colorbar":{"outlinewidth":0,"ticks":""},"colorscale":[[0.0,"#0d0887"],[0.1111111111111111,"#46039f"],[0.2222222222222222,"#7201a8"],[0.3333333333333333,"#9c179e"],[0.4444444444444444,"#bd3786"],[0.5555555555555556,"#d8576b"],[0.6666666666666666,"#ed7953"],[0.7777777777777778,"#fb9f3a"],[0.8888888888888888,"#fdca26"],[1.0,"#f0f921"]],"type":"histogram2dcontour"}],"mesh3d":[{"colorbar":{"outlinewidth":0,"ticks":""},"type":"mesh3d"}],"parcoords":[{"line":{"colorbar":{"outlinewidth":0,"ticks":""}},"type":"parcoords"}],"pie":[{"automargin":true,"type":"pie"}],"scatter":[{"marker":{"colorbar":{"outlinewidth":0,"ticks":""}},"type":"scatter"}],"scatter3d":[{"line":{"colorbar":{"outlinewidth":0,"ticks":""}},"marker":{"colorbar":{"outlinewidth":0,"ticks":""}},"type":"scatter3d"}],"scattercarpet":[{"marker":{"colorbar":{"outlinewidth":0,"ticks":""}},"type":"scattercarpet"}],"scattergeo":[{"marker":{"colorbar":{"outlinewidth":0,"ticks":""}},"type":"scattergeo"}],"scattergl":[{"marker":{"colorbar":{"outlinewidth":0,"ticks":""}},"type":"scattergl"}],"scattermapbox":[{"marker":{"colorbar":{"outlinewidth":0,"ticks":""}},"type":"scattermapbox"}],"scatterpolar":[{"marker":{"colorbar":{"outlinewidth":0,"ticks":""}},"type":"scatterpolar"}],"scatterpolargl":[{"marker":{"colorbar":{"outlinewidth":0,"ticks":""}},"type":"scatterpolargl"}],"scatterternary":[{"marker":{"colorbar":{"outlinewidth":0,"ticks":""}},"type":"scatterternary"}],"surface":[{"colorbar":{"outlinewidth":0,"ticks":""},"colorscale":[[0.0,"#0d0887"],[0.1111111111111111,"#46039f"],[0.2222222222222222,"#7201a8"],[0.3333333333333333,"#9c179e"],[0.4444444444444444,"#bd3786"],[0.5555555555555556,"#d8576b"],[0.6666666666666666,"#ed7953"],[0.7777777777777778,"#fb9f3a"],[0.8888888888888888,"#fdca26"],[1.0,"#f0f921"]],"type":"surface"}],"table":[{"cells":{"fill":{"color":"#EBF0F8"},"line":{"color":"white"}},"header":{"fill":{"color":"#C8D4E3"},"line":{"color":"white"}},"type":"table"}]},"layout":{"annotationdefaults":{"arrowcolor":"#2a3f5f","arrowhead":0,"arrowwidth":1},"coloraxis":{"colorbar":{"outlinewidth":0,"ticks":""}},"colorscale":{"diverging":[[0,"#8e0152"],[0.1,"#c51b7d"],[0.2,"#de77ae"],[0.3,"#f1b6da"],[0.4,"#fde0ef"],[0.5,"#f7f7f7"],[0.6,"#e6f5d0"],[0.7,"#b8e186"],[0.8,"#7fbc41"],[0.9,"#4d9221"],[1,"#276419"]],"sequential":[[0.0,"#0d0887"],[0.1111111111111111,"#46039f"],[0.2222222222222222,"#7201a8"],[0.3333333333333333,"#9c179e"],[0.4444444444444444,"#bd3786"],[0.5555555555555556,"#d8576b"],[0.6666666666666666,"#ed7953"],[0.7777777777777778,"#fb9f3a"],[0.8888888888888888,"#fdca26"],[1.0,"#f0f921"]],"sequentialminus":[[0.0,"#0d0887"],[0.1111111111111111,"#46039f"],[0.2222222222222222,"#7201a8"],[0.3333333333333333,"#9c179e"],[0.4444444444444444,"#bd3786"],[0.5555555555555556,"#d8576b"],[0.6666666666666666,"#ed7953"],[0.7777777777777778,"#fb9f3a"],[0.8888888888888888,"#fdca26"],[1.0,"#f0f921"]]},